doubling every day;doubling every two days;doubling every 4 days;doubling every 10 days;Italy;US;Spain;Germany;Korea,South;day
100.0;100.0;100.0;100.0;155.0;184.0;165.0;188.0;;0
200.0;141.4213562373095;118.9207115002721;107.17734625362931;229.0;237.0;222.0;240.0;;1
400.0;200.0;141.4213562373095;114.86983549970351;322.0;403.0;259.0;349.0;;2
800.0;282.842712474619;168.1792830507429;123.11444133449163;453.0;519.0;400.0;534.0;;3
1600.0;400.0;200.0;131.9507910772894;655.0;594.0;500.0;684.0;;4
3200.0;565.685424949238;237.8414230005442;141.4213562373095;888.0;782.0;673.0;847.0;;5
6400.0;800.0;282.842712474619;151.5716566510398;1128.0;1147.0;1073.0;1112.0;;6
12800.0;1131.370849898476;336.3585661014858;162.4504792712471;1694.0;1586.0;1695.0;1296.0;;7
25600.0;1600.0;400.0;174.11011265922482;2036.0;2219.0;2277.0;1567.0;;8
51200.0;2262.741699796952;475.6828460010884;186.60659830736148;2502.0;2978.0;2277.0;2369.0;;9
102400.0;3200.0;565.685424949238;200.0;3089.0;3212.0;5232.0;3062.0;;10
204800.0;4525.483399593904;672.7171322029716;214.35469250725862;3858.0;4679.0;6391.0;3795.0;;11
409600.0;6400.0;800.0;229.73967099940697;4636.0;6512.0;7798.0;4838.0;;12
819200.0;9050.966799187809;951.3656920021768;246.22888266898326;5883.0;9169.0;9942.0;6012.0;;13
1638400.0;12800.0;1131.370849898476;263.9015821545788;7375.0;13663.0;11748.0;7156.0;;14
3276800.0;18101.933598375617;1345.4342644059432;282.842712474619;9172.0;20030.0;13910.0;8198.0;;15
6553600.0;25600.0;1600.0;303.14331330207966;10149.0;26025.0;17963.0;10999.0;;16
13107200.0;36203.867196751235;1902.7313840043537;324.9009585424942;12462.0;34944.0;20410.0;13957.0;;17
26214400.0;51200.0;2262.741699796952;348.22022531844965;15113.0;46096.0;25374.0;16662.0;;18
52428800.0;72407.73439350247;2690.8685288118863;373.21319661472296;17660.0;56714.0;28768.0;18610.0;;19
104857600.0;102400.0;3200.0;400.0;21157.0;68841.0;35136.0;22672.0;;20
209715200.0;144815.46878700494;3805.4627680087074;428.70938501451724;24747.0;86662.0;39885.0;27436.0;;21
419430400.0;204800.0;4525.483399593904;459.47934199881405;27980.0;105253.0;49515.0;31554.0;;22
838860800.0;289630.9375740099;5381.737057623773;492.4577653379664;31506.0;127417.0;57786.0;36508.0;;23
1677721600.0;409600.0;6400.0;527.8031643091576;35713.0;143544.0;65719.0;42288.0;;24
3355443200.0;579261.8751480198;7610.925536017415;565.685424949238;41035.0;165698.0;73235.0;48582.0;;25
6710886400.0;819200.0;9050.966799187809;606.2866266041593;47021.0;192079.0;80110.0;52547.0;;26
13421772800.0;1158523.7502960395;10763.474115247545;649.8019170849884;53578.0;223254.0;87956.0;57298.0;;27
26843545600.0;1638400.0;12800.0;696.4404506368992;59138.0;255530.0;95923.0;61913.0;;28
53687091200.0;2317047.500592079;15221.85107203483;746.4263932294459;63927.0;287931.0;104118.0;67366.0;;29
107374182400.0;3276800.0;18101.933598375617;800.0;69176.0;319776.0;112065.0;73522.0;;30
214748364800.0;4634095.001184158;21526.94823049509;857.4187700290345;74386.0;349016.0;119199.0;79696.0;;31
429496729600.0;6553600.0;25600.0;918.9586839976281;80589.0;380798.0;126168.0;85778.0;;32
858993459200.0;9268190.002368316;30443.70214406966;984.9155306759328;86498.0;410834.0;131646.0;91714.0;;33
1717986918400.0;13107200.0;36203.867196751235;1055.6063286183153;92472.0;441897.0;136675.0;95391.0;;34
3435973836800.0;18536380.004736632;43053.89646099018;1131.370849898476;97689.0;477507.0;141942.0;99225.0;;35
6871947673600.0;26214400.0;51200.0;1212.5732532083186;101739.0;511790.0;148220.0;103228.0;;36
13743895347200.0;37072760.009473264;60887.40428813932;1299.6038341699768;105792.0;540714.0;153222.0;108202.0;;37
27487790694400.0;52428800.0;72407.73439350247;1392.8809012737984;110574.0;567022.0;158273.0;113525.0;;38
54975581388800.0;74145520.01894653;86107.79292198036;1492.8527864588918;115242.0;594165.0;163027.0;117658.0;;39
109951162777600.0;104857600.0;102400.0;1600.0;119827.0;622493.0;166831.0;120479.0;;40
219902325555200.0;148291040.03789306;121774.80857627864;1714.8375400580687;124632.0;648390.0;170099.0;123016.0;;41
439804651110400.0;209715200.0;144815.46878700494;1837.9173679952562;128948.0;678028.0;172541.0;125098.0;;42
879609302220800.0;296582080.0757861;172215.58584396073;1969.8310613518656;132547.0;711135.0;177644.0;127584.0;;43
1759218604441600.0;419430400.0;204800.0;2111.2126572366315;135586.0;738464.0;184948.0;130450.0;;44
3518437208883200.0;593164160.1515722;243549.61715255727;2262.741699796952;139422.0;763886.0;190839.0;133830.0;;45
7036874417766400.0;838860800.0;289630.9375740099;2425.1465064166364;143626.0;793970.0;191726.0;137439.0;;46
1.40737488355328e+16;1186328320.3031445;344431.17168792145;2599.2076683399537;147577.0;820045.0;198674.0;139897.0;;47
2.81474976710656e+16;1677721600.0;409600.0;2785.7618025475967;152271.0;849926.0;200210.0;141672.0;;48
5.62949953421312e+16;2372656640.606289;487099.23430511454;2985.7055729177846;156363.0;881891.0;204178.0;143457.0;;49
1.125899906842624e+17;3355443200.0;579261.8751480198;3200.0;159516.0;913856.0;208389.0;145694.0;;50
2.251799813685248e+17;4745313281.212578;688862.3433758429;3429.6750801161375;162488.0;944770.0;213024.0;148046.0;;51
4.503599627370496e+17;6710886400.0;819200.0;3675.8347359905124;165155.0;970741.0;202990.0;150383.0;;52
9.007199254740992e+17;9490626562.425156;974198.4686102291;3939.6621227037313;168941.0;995391.0;205905.0;152438.0;;53
1.8014398509481984e+18;13421772800.0;1158523.7502960395;4222.425314473263;172434.0;1019964.0;207634.0;154175.0;;54
3.602879701896397e+18;18981253124.85031;1377724.6867516858;4525.483399593904;175925.0;1046816.0;209465.0;155193.0;;55
7.205759403792794e+18;26843545600.0;1638400.0;4850.293012833273;178972.0;1076518.0;210773.0;156337.0;;56
1.4411518807585587e+19;37962506249.70062;1948396.9372204582;5198.415336679907;181228.0;1111410.0;212917.0;157641.0;;57
2.8823037615171174e+19;53687091200.0;2317047.500592079;5571.5236050951935;183957.0;1138174.0;213435.0;159119.0;;58
5.764607523034235e+19;75925012499.40125;2755449.3735033716;5971.411145835569;187327.0;1161907.0;215216.0;160758.0;;59
1.152921504606847e+20;107374182400.0;3276800.0;6400.0;189973.0;1185709.0;216582.0;161703.0;;60
2.305843009213694e+20;151850024998.8025;3896793.8744409163;6859.350160232275;192994.0;1209729.0;217466.0;162496.0;;61
4.611686018427388e+20;214748364800.0;4634095.001184158;7351.669471981025;195351.0;1234211.0;218011.0;163175.0;;62
9.223372036854776e+20;303700049997.605;5510898.747006743;7879.3242454074625;197675.0;1261950.0;219329.0;163860.0;;63
1.8446744073709552e+21;429496729600.0;6553600.0;8444.850628946526;199414.0;1289133.0;220325.0;164807.0;;64
3.6893488147419103e+21;607400099995.21;7793587.748881833;9050.966799187809;201505.0;1313587.0;221447.0;166091.0;;65
7.378697629483821e+21;858993459200.0;9268190.002368316;9700.586025666546;203591.0;1332334.0;222857.0;167300.0;;66
1.4757395258967641e+22;1214800199990.42;11021797.494013486;10396.830673359815;205463.0;1351411.0;223578.0;168551.0;;67
2.9514790517935283e+22;1717986918400.0;13107200.0;11143.047210190387;207428.0;1374792.0;224350.0;169218.0;;68
5.9029581035870565e+22;2429600399980.84;15587175.497763665;11942.822291671138;209328.0;1394807.0;227436.0;169575.0;;69
1.1805916207174113e+23;3435973836800.0;18536380.004736632;12800.0;210717.0;1420697.0;228030.0;170508.0;;70
2.3611832414348226e+23;4859200799961.68;22043594.988026973;13718.70032046455;211938.0;1445548.0;228691.0;171306.0;;71
4.722366482869645e+23;6871947673600.0;26214400.0;14703.33894396205;213013.0;1469598.0;229540.0;172239.0;;72
9.44473296573929e+23;9718401599923.36;31174350.99552733;15758.648490814925;214457.0;1488327.0;230183.0;173152.0;;73
1.888946593147858e+24;13743895347200.0;37072760.009473264;16889.70125789305;215858.0;1510635.0;230698.0;173772.0;;74
3.777893186295716e+24;19436803199846.72;44087189.976053946;18101.933598375617;217185.0;1531138.0;230698.0;174355.0;;75
7.555786372591432e+24;27487790694400.0;52428800.0;19401.17205133309;218268.0;1553966.0;231606.0;174697.0;;76
1.5111572745182865e+25;38873606399693.44;62348701.99105466;20793.66134671963;219070.0;1579118.0;232037.0;175210.0;;77
3.022314549036573e+25;54975581388800.0;74145520.01894653;22286.094420380774;219814.0;1602947.0;232555.0;176007.0;;78
6.044629098073146e+25;77747212799386.88;88174379.95210789;23885.644583342277;221216.0;1623136.0;233037.0;176752.0;;79
1.2089258196146292e+26;109951162777600.0;104857600.0;25600.0;222104.0;1643310.0;234824.0;177212.0;;80
2.4178516392292583e+26;155494425598773.75;124697403.98210932;27437.4006409291;223096.0;1662404.0;235290.0;177850.0;;81
4.835703278458517e+26;219902325555200.0;148291040.03789306;29406.67788792408;223885.0;1681130.0;235772.0;178281.0;;82
9.671406556917033e+26;310988851197547.5;176348759.90421578;31517.296981629876;224760.0;1699893.0;235400.0;178570.0;;83
1.9342813113834067e+27;439804651110400.0;209715200.0;33779.4025157861;225435.0;1721160.0;236259.0;179002.0;;84
3.8685626227668134e+27;621977702395095.0;249394807.96421865;36203.867196751235;225886.0;1746242.0;236259.0;179364.0;;85
7.737125245533627e+27;879609302220800.0;296582080.0757861;38802.34410266618;226699.0;1769322.0;237906.0;179717.0;;86
1.5474250491067253e+28;1243955404790190.0;352697519.80843157;41587.32269343924;227364.0;1788241.0;238564.0;180458.0;;87
3.0948500982134507e+28;1759218604441600.0;419430400.0;44572.18884076158;228006.0;1806081.0;239228.0;181196.0;;88
6.189700196426901e+28;2487910809580380.0;498789615.9284373;47771.28916668455;228658.0;1826171.0;239479.0;181482.0;;89
1.2379400392853803e+29;3518437208883200.0;593164160.1515722;51200.0;229327.0;1845327.0;239638.0;181815.0;;90
2.4758800785707605e+29;4975821619160760.0;705395039.6168631;54874.8012818582;229858.0;1873261.0;239932.0;182028.0;;91
4.951760157141521e+29;7036874417766400.0;838860800.0;58813.35577584816;230158.0;1899701.0;240326.0;182370.0;;92
9.903520314283042e+29;9951643238321520.0;997579231.8568746;63034.59396325975;230555.0;1919970.0;240660.0;182764.0;;93
1.9807040628566084e+30;1.40737488355328e+16;1186328320.3031445;67558.8050315722;231139.0;1937796.0;240978.0;183271.0;;94
3.961408125713217e+30;1.990328647664304e+16;1410790079.2337263;72407.73439350247;231732.0;1954696.0;241310.0;183678.0;;95
7.922816251426434e+30;2.81474976710656e+16;1677721600.0;77604.68820533236;232248.0;1975017.0;241550.0;183979.0;;96
1.5845632502852868e+31;3.980657295328608e+16;1995158463.7137492;83174.64538687847;232664.0;1996735.0;241717.0;184193.0;;97
3.1691265005705735e+31;5.62949953421312e+16;2372656640.606289;89144.37768152315;232997.0;2019013.0;241966.0;184543.0;;98
6.338253001141147e+31;7.961314590657216e+16;2821580158.4674525;95542.5783333691;233197.0;2044571.0;242280.0;184861.0;;99
;;;;233515.0;2068728.0;242707.0;185416.0;;100
;;;;233836.0;2087629.0;243209.0;185674.0;;101
;;;;234013.0;2108628.0;243605.0;186022.0;;102
;;;;234531.0;2133177.0;243928.0;186269.0;;103
;;;;234801.0;2160227.0;244109.0;186461.0;;104
;;;;234998.0;2188454.0;244328.0;186839.0;;105
;;;;235278.0;2219508.0;244683.0;187184.0;;106
;;;;235561.0;2251334.0;245268.0;187764.0;;107
;;;;235763.0;2277170.0;245575.0;188534.0;;108
;;;;236142.0;2306971.0;245938.0;189135.0;;109
;;;;236305.0;2345700.0;246272.0;189822.0;;110
;;;;236651.0;2381951.0;246504.0;190359.0;;111
;;;;236989.0;2421250.0;246752.0;190862.0;;112
;;;;237290.0;2470296.0;247086.0;191449.0;;113
;;;;237500.0;2511050.0;247486.0;192079.0;;114
;;;;237828.0;2553975.0;247905.0;192556.0;;115
;;;;238159.0;2595272.0;248469.0;193243.0;;116
;;;;238011.0;2645097.0;248770.0;193499.0;;117
;;;;238275.0;2694220.0;248970.0;193761.0;;118
;;;;238499.0;2749163.0;249271.0;194259.0;;119
;;;;238720.0;2800668.0;249659.0;194725.0;;120
;;;;238833.0;2846614.0;250103.0;195228.0;;121
;;;;239410.0;2900342.0;250545.0;195674.0;;122
;;;;239706.0;2943508.0;250545.0;196096.0;;123
;;;;239961.0;3000739.0;250545.0;196335.0;;124
;;;;240136.0;3061045.0;251789.0;196554.0;;125
;;;;240310.0;3120701.0;252130.0;196944.0;;126
;;;;240436.0;3189561.0;252513.0;197341.0;;127
;;;;240578.0;3250000.0;253056.0;197783.0;;128
;;;;240760.0;3310132.0;253908.0;198178.0;;129
;;;;240961.0;3369496.0;253908.0;198556.0;;130
;;;;241184.0;3435158.0;253908.0;198804.0;;131
;;;;241419.0;3501184.0;255953.0;198963.0;;132
;;;;241611.0;3571998.0;256619.0;199375.0;;133
;;;;241819.0;3638470.0;257494.0;199726.0;;134
;;;;241956.0;3702792.0;258855.0;200260.0;;135
;;;;242149.0;3761724.0;260255.0;200843.0;;136
;;;;242363.0;3822387.0;260255.0;201372.0;;137
;;;;242639.0;3890581.0;260255.0;201574.0;;138
;;;;242827.0;3958126.0;264836.0;201823.0;;139
;;;;243061.0;4026012.0;266194.0;202345.0;;140
;;;;243230.0;4101159.0;267551.0;202799.0;;141
;;;;243344.0;4165359.0;270166.0;203368.0;;142
;;;;243506.0;4221198.0;272421.0;204183.0;;143
;;;;243736.0;4280922.0;272421.0;204964.0;;144
;;;;243967.0;4345753.0;272421.0;205269.0;;145
;;;;244216.0;4409882.0;278782.0;205609.0;;146
;;;;244434.0;4479123.0;280610.0;206242.0;;147
;;;;244624.0;4543699.0;282641.0;206926.0;;148
;;;;244752.0;4601277.0;285430.0;207828.0;;149
;;;;245032.0;4648386.0;288522.0;208698.0;;150
;;;;245338.0;4690070.0;288522.0;209653.0;;151
;;;;245590.0;4751727.0;288522.0;209893.0;;152
;;;;245864.0;4806075.0;297054.0;210402.0;;153
;;;;246118.0;4866254.0;302814.0;211281.0;;154
;;;;246286.0;4926841.0;305767.0;212022.0;;155
;;;;246488.0;4990774.0;309855.0;213067.0;;156
;;;;246776.0;5045041.0;314362.0;214214.0;;157
;;;;247158.0;5096658.0;314362.0;215336.0;;158
;;;;247537.0;5153612.0;314362.0;215891.0;;159
;;;;247832.0;5208856.0;322980.0;216327.0;;160
;;;;248070.0;5260512.0;326612.0;217293.0;;161
;;;;248229.0;5330637.0;329784.0;218519.0;;162
;;;;248419.0;5383031.0;337334.0;219964.0;;163
;;;;248803.0;5417693.0;342813.0;221413.0;;164
;;;;249204.0;5455542.0;342813.0;222828.0;;165
;;;;249756.0;5500444.0;342813.0;223453.0;;166
;;;;250103.0;5546328.0;359082.0;224014.0;;167
;;;;250566.0;5591456.0;364196.0;225404.0;;168
;;;;250825.0;5639047.0;370867.0;226914.0;;169
;;;;251237.0;5684719.0;377906.0;228621.0;;170
;;;;251713.0;5716630.0;386054.0;230048.0;;171
;;;;252235.0;5750553.0;386054.0;232082.0;;172
;;;;252809.0;5793226.0;386054.0;232864.0;;173
;;;;253438.0;5835299.0;405436.0;233575.0;;174
;;;;253915.0;5885817.0;412553.0;234853.0;;175
;;;;254235.0;5932287.0;419849.0;236429.0;;176
;;;;254636.0;5975390.0;429507.0;237936.0;;177
;;;;255278.0;6009521.0;439286.0;239507.0;;178
;;;;256118.0;6042883.0;439286.0;240986.0;;179
;;;;257065.0;6084862.0;439286.0;241771.0;;180
;;;;258136.0;6124823.0;462858.0;242381.0;;181
;;;;259345.0;6169964.0;470973.0;243599.0;;182
;;;;260298.0;6218298.0;479554.0;244855.0;;183
;;;;261174.0;6261921.0;488513.0;246166.0;;184
;;;;262540.0;6291040.0;498989.0;247619.0;;185
;;;;263949.0;6315603.0;498989.0;248997.0;;186
;;;;265409.0;6342347.0;498989.0;249985.0;;187
;;;;266853.0;6375987.0;525549.0;250799.0;;188
;;;;268218.0;6415435.0;534513.0;252298.0;;189
;;;;269214.0;6460058.0;543379.0;253474.0;;190
;;;;270189.0;6505641.0;554143.0;255366.0;;191
;;;;271515.0;6545932.0;566326.0;256850.0;;192
;;;;272912.0;6578496.0;566326.0;258480.0;;193
;;;;274644.0;6615674.0;566326.0;259428.0;;194
;;;;276338.0;6653966.0;593730.0;260355.0;;195
;;;;277634.0;6699284.0;603167.0;261762.0;;196
;;;;278784.0;6749468.0;614360.0;263663.0;;197
;;;;280153.0;6795246.0;625651.0;265857.0;;198
;;;;281583.0;6836856.0;640040.0;267773.0;;199
;;;;283180.0;6868899.0;640040.0;270070.0;;200
;;;;284796.0;6907170.0;640040.0;271415.0;;201
;;;;286297.0;6948290.0;671468.0;272337.0;;202
;;;;287753.0;6997173.0;682267.0;274158.0;;203
;;;;288761.0;7044309.0;693556.0;275927.0;;204
;;;;289990.0;7087856.0;704209.0;278070.0;;205
;;;;291442.0;7121635.0;716481.0;280223.0;;206
;;;;293025.0;7159375.0;716481.0;282730.0;;207
;;;;294932.0;7201407.0;716481.0;284140.0;;208
;;;;296569.0;7240039.0;748266.0;285332.0;;209
;;;;298156.0;7286282.0;748266.0;287421.0;;210
;;;;299506.0;7339725.0;769188.0;289219.0;;211
;;;;300897.0;7389006.0;778607.0;291722.0;;212
;;;;302537.0;7422136.0;789932.0;294395.0;;213
;;;;304323.0;7459493.0;789932.0;296958.0;;214
;;;;306235.0;7504039.0;789932.0;299237.0;;215
;;;;308104.0;7553176.0;813412.0;300619.0;;216
;;;;309870.0;7611066.0;825410.0;303258.0;;217
;;;;311364.0;7666145.0;835901.0;306086.0;;218
;;;;313011.0;7721512.0;848324.0;310144.0;;219
;;;;314861.0;7768412.0;861112.0;314660.0;;220
;;;;317409.0;7810492.0;861112.0;319381.0;;221
;;;;319908.0;7860615.0;861112.0;322864.0;;222
;;;;322751.0;7919057.0;888968.0;325331.0;;223
;;;;325329.0;7982595.0;896086.0;329453.0;;224
;;;;327586.0;8052769.0;908056.0;334585.0;;225
;;;;330263.0;8107601.0;921374.0;341223.0;;226
;;;;333940.0;8159771.0;936560.0;348557.0;;227
;;;;338398.0;8227653.0;936560.0;356387.0;;228
;;;;343770.0;8289390.0;936560.0;361974.0;;229
;;;;349494.0;8350096.0;974449.0;366299.0;;230
;;;;354950.0;8429717.0;988322.0;373167.0;;231
;;;;359569.0;8511376.0;1005295.0;380762.0;;232
;;;;365467.0;8589751.0;1026281.0;392049.0;;233
;;;;372799.0;8650726.0;1046132.0;403291.0;;234
;;;;381602.0;8715290.0;1046132.0;418005.0;;235
;;;;391611.0;8792513.0;1046132.0;429181.0;;236
;;;;402536.0;8878990.0;1098320.0;437866.0;;237
;;;;414241.0;8970283.0;1116738.0;449275.0;;238
;;;;423578.0;9070130.0;1136503.0;464239.0;;239
;;;;434449.0;9157473.0;1160083.0;481013.0;;240
;;;;449648.0;9235303.0;1185678.0;499694.0;;241
;;;;465726.0;9317109.0;1185678.0;518753.0;;242
;;;;484869.0;9441875.0;1185678.0;532930.0;;243
;;;;504509.0;9542136.0;1240697.0;545027.0;;244
;;;;525782.0;9670217.0;1259366.0;560379.0;;245
;;;;542789.0;9797272.0;1284408.0;577593.0;;246
;;;;564778.0;9924336.0;1306316.0;597583.0;;247
;;;;589766.0;10044009.0;1328832.0;619089.0;;248
;;;;616595.0;10160964.0;1328832.0;642488.0;;249
;;;;647674.0;10297518.0;1328832.0;658505.0;;250
;;;;679430.0;10445200.0;1381218.0;671868.0;;251
;;;;709335.0;10603995.0;1381218.0;687200.0;;252
;;;;731588.0;10783514.0;1417709.0;705687.0;;253
;;;;759829.0;10947564.0;1437220.0;727553.0;;254
;;;;790377.0;11087279.0;1458591.0;751095.0;;255
;;;;824879.0;11240367.0;1458591.0;773556.0;;256
;;;;862681.0;11405015.0;1458591.0;790503.0;;257
;;;;902490.0;11576984.0;1496864.0;801327.0;;258
;;;;935104.0;11769284.0;1510023.0;815746.0;;259
;;;;960373.0;11970952.0;1525341.0;833307.0;;260
;;;;995463.0;12150771.0;1541574.0;855916.0;;261
;;;;1028424.0;12297358.0;1556730.0;879564.0;;262
;;;;1066401.0;12478869.0;1556730.0;902528.0;;263
;;;;1107303.0;12652431.0;1556730.0;918269.0;;264
;;;;1144552.0;12832643.0;1582616.0;929133.0;;265
;;;;1178529.0;12949892.0;1594844.0;942687.0;;266
;;;;1205881.0;13164526.0;1605066.0;961320.0;;267
;;;;1238072.0;13332750.0;1617355.0;983588.0;;268
;;;;1272352.0;13473101.0;1628208.0;1006394.0;;269
;;;;1308528.0;13628015.0;1628208.0;1028089.0;;270
;;;;1345767.0;13825131.0;1628208.0;1042700.0;;271
;;;;1380531.0;14021291.0;1648187.0;1053869.0;;272
;;;;1408868.0;14241510.0;1656444.0;1067473.0;;273
;;;;1431795.0;14476879.0;1665775.0;1084743.0;;274
;;;;1455022.0;14698887.0;1675902.0;1106789.0;;275
;;;;1480874.0;14878212.0;1684647.0;1130238.0;;276
;;;;1509875.0;15073671.0;1684647.0;1153556.0;;277
;;;;1538217.0;15300726.0;1684647.0;1171323.0;;278
;;;;1564532.0;15516732.0;1702328.0;1183655.0;;279
;;;;1585178.0;15753677.0;1702328.0;1197709.0;;280
;;;;1601554.0;15992578.0;1712101.0;1218524.0;;281
;;;;1620901.0;16217115.0;1720056.0;1242203.0;;282
;;;;1641610.0;16408708.0;1730575.0;1272078.0;;283
;;;;1664829.0;16618531.0;1730575.0;1300516.0;;284
;;;;1688939.0;16844844.0;1730575.0;1320716.0;;285
;;;;1709991.0;17079647.0;1751884.0;1337078.0;;286
;;;;1728878.0;17319893.0;1762212.0;1351510.0;;287
;;;;1742557.0;17567839.0;1773290.0;1379238.0;;288
;;;;1757394.0;17773691.0;1785421.0;1406161.0;;289
;;;;1770149.0;17960885.0;1797236.0;1439938.0;;290
;;;;1787147.0;18157739.0;1797236.0;1471238.0;;291
;;;;1805873.0;18363670.0;1797236.0;1494009.0;;292
;;;;1825775.0;18585107.0;1819249.0;1510652.0;;293
;;;;1843712.0;18798055.0;1829903.0;1530180.0;;294
;;;;1855737.0;18925234.0;1842289.0;1554920.0;;295
;;;;1870576.0;19142672.0;1854951.0;1587115.0;;296
;;;;1888144.0;19278635.0;1854951.0;1612648.0;;297
;;;;1906377.0;19451935.0;1854951.0;1627103.0;;298
;;;;1921778.0;19657909.0;1854951.0;1640858.0;;299
;;;;1938083.0;19876203.0;1879413.0;1651834.0;;300
;;;;1953185.0;20191291.0;1893502.0;1664726.0;;301
;;;;1964054.0;20370188.0;1910218.0;1687185.0;;302
;;;;1977370.0;20642467.0;1928265.0;1719737.0;;303
;;;;1991278.0;20845869.0;1928265.0;1742661.0;;304
;;;;2009317.0;21031371.0;1928265.0;1755351.0;;305
;;;;2028354.0;21264230.0;1928265.0;1765666.0;;306
;;;;2038759.0;21523988.0;1958844.0;1775513.0;;307
;;;;2047696.0;21810231.0;1982544.0;1787410.0;;308
;;;;2056277.0;22114294.0;1982544.0;1808647.0;;309
;;;;2067487.0;22379024.0;2024904.0;1835038.0;;310
;;;;2083689.0;22589866.0;2050360.0;1866887.0;;311
;;;;2107166.0;22793829.0;2050360.0;1891581.0;;312
;;;;2129376.0;23015643.0;2050360.0;1908527.0;;313
;;;;2141201.0;23244975.0;2111782.0;1921024.0;;314
;;;;2155446.0;23480547.0;2137220.0;1933826.0;;315
;;;;2166244.0;23725550.0;2176089.0;1953426.0;;316
;;;;2181619.0;23943240.0;2211967.0;1978590.0;;317
;;;;2201945.0;24119795.0;2252164.0;2000958.0;;318
;;;;2220361.0;24260618.0;2252164.0;2019636.0;;319
;;;;2237890.0;24417505.0;2252164.0;2033518.0;;320
;;;;2257866.0;24604885.0;2336451.0;2040659.0;;321
;;;;2276491.0;24797436.0;2370742.0;2052028.0;;322
;;;;2289021.0;24989204.0;2412318.0;2068002.0;;323
;;;;2303263.0;25167377.0;2456675.0;2088400.0;;324
;;;;2319036.0;25307520.0;2499560.0;2106262.0;;325
;;;;2336279.0;25437119.0;2499560.0;2122679.0;;326
;;;;2352423.0;25588125.0;2499560.0;2134936.0;;327
;;;;2368733.0;25743581.0;2593382.0;2141665.0;;328
;;;;2381277.0;25910340.0;2629817.0;2148077.0;;329
;;;;2390102.0;26074081.0;2670102.0;2161275.0;;330
;;;;2400598.0;26225020.0;2705001.0;2178828.0;;331
;;;;2414166.0;26337877.0;2743119.0;2192850.0;;332
;;;;2428221.0;26463191.0;2743119.0;2205171.0;;333
;;;;2441854.0;26580221.0;2743119.0;2216363.0;;334
;;;;2455185.0;26704591.0;2822805.0;2221971.0;;335
;;;;2466813.0;26829620.0;2851869.0;2228085.0;;336
;;;;2475372.0;26960729.0;2883465.0;2237790.0;;337
;;;;2485956.0;27077586.0;2913425.0;2252001.0;;338
;;;;2501147.0;27167014.0;2941990.0;2264909.0;;339
;;;;2515507.0;27249811.0;2941990.0;2275394.0;;340
;;;;2529070.0;27345192.0;2941990.0;2284010.0;;341
;;;;2541783.0;27440473.0;2989085.0;2288545.0;;342
;;;;2553032.0;27547244.0;3005487.0;2291924.0;;343
;;;;2560957.0;27647824.0;3023601.0;2299996.0;;344
;;;;2570608.0;27738580.0;3041454.0;2310233.0;;345
;;;;2583790.0;27806888.0;3056035.0;2320093.0;;346
;;;;2597446.0;27862336.0;3056035.0;2328447.0;;347
;;;;2611659.0;27921557.0;3056035.0;2334561.0;;348
;;;;2625098.0;27990403.0;3086286.0;2338987.0;;349
;;;;2636738.0;28062983.0;3096343.0;2342843.0;;350
;;;;2644707.0;28138141.0;3107172.0;2350399.0;;351
;;;;2655319.0;28211923.0;3121687.0;2360606.0;;352
;;;;2668266.0;28267188.0;3133122.0;2369719.0;;353
;;;;2683403.0;28322670.0;3133122.0;2378883.0;;354
;;;;2697296.0;28396527.0;3133122.0;2386559.0;;355
;;;;2710819.0;28471552.0;3153971.0;2390928.0;;356
;;;;2721879.0;28548831.0;3161432.0;2394811.0;;357
;;;;2729223.0;28624249.0;3170644.0;2402818.0;;358
;;;;2739591.0;28695537.0;3180212.0;2414687.0;;359
;;;;2751657.0;28747301.0;3188553.0;2424684.0;;360
;;;;2765412.0;28797741.0;3188553.0;2434446.0;;361
;;;;2780882.0;28856159.0;3188553.0;2442336.0;;362
;;;;2795796.0;28923209.0;3204531.0;2447068.0;;363
;;;;2809246.0;28992150.0;3130184.0;2451011.0;;364
;;;;2818863.0;29060028.0;3136321.0;2460030.0;;365
;;;;2832162.0;29121057.0;3142358.0;2471942.0;;366
;;;;2848564.0;29162667.0;3149012.0;2482522.0;;367
;;;;2868435.0;29206757.0;3149012.0;2492079.0;;368
;;;;2888923.0;29262259.0;3149012.0;2500182.0;;369
;;;;2907825.0;29320032.0;3160970.0;2505193.0;;370
;;;;2925265.0;29381820.0;3164982.0;2509445.0;;371
;;;;2938371.0;29444421.0;3172101.0;2518591.0;;372
;;;;2955434.0;29501241.0;3178356.0;2532947.0;;373
;;;;2976274.0;29540515.0;3183704.0;2545781.0;;374
;;;;2999119.0;29591547.0;3183704.0;2558455.0;;375
;;;;3023129.0;29645614.0;3183704.0;2569245.0;;376
;;;;3046762.0;29704888.0;3195062.0;2575849.0;;377
;;;;3067486.0;29767278.0;3200024.0;2581329.0;;378
;;;;3081368.0;29828910.0;3206116.0;2594764.0;;379
;;;;3101093.0;29887777.0;3212332.0;2612268.0;;380
;;;;3123368.0;29923155.0;3212332.0;2629750.0;;381
;;;;3149017.0;29970579.0;3212332.0;2645783.0;;382
;;;;3175807.0;30023437.0;3212332.0;2659516.0;;383
;;;;3201838.0;30111195.0;3228803.0;2667225.0;;384
;;;;3223142.0;30178821.0;3234319.0;2674710.0;;385
;;;;3238394.0;30255191.0;3234319.0;2690523.0;;386
;;;;3258770.0;30319246.0;3247738.0;2713180.0;;387
;;;;3281810.0;30365566.0;3255324.0;2734753.0;;388
;;;;3306711.0;30431438.0;3255324.0;2755225.0;;389
;;;;3332418.0;30493127.0;3255324.0;2772401.0;;390
;;;;3356331.0;30562657.0;3270825.0;2782273.0;;391
;;;;3376376.0;30639513.0;3275819.0;2791822.0;;392
;;;;3400877.0;30713536.0;3284353.0;2808873.0;;393
;;;;3419616.0;30778416.0;3291394.0;2833173.0;;394
;;;;3440862.0;30816339.0;3291394.0;2855061.0;;395
;;;;3464543.0;30883426.0;3300965.0;2873190.0;;396
;;;;3488619.0;30946252.0;3300965.0;2885386.0;;397
;;;;3512453.0;31022028.0;3311325.0;2893883.0;;398
;;;;3532057.0;31102094.0;3317948.0;2900768.0;;399
;;;;3544957.0;31186847.0;3326736.0;2910445.0;;400
;;;;3561012.0;31257382.0;3336637.0;2930852.0;;401
;;;;3584899.0;31304838.0;3347512.0;2956316.0;;402
;;;;3607083.0;31367021.0;3347512.0;2980413.0;;403
;;;;3629000.0;31447860.0;3347512.0;2998268.0;;404
;;;;3650247.0;31523464.0;3370256.0;3011513.0;;405
;;;;3668264.0;31597446.0;3376548.0;3022323.0;;406
;;;;3678944.0;31680918.0;3387022.0;3044016.0;;407
;;;;3686707.0;31736405.0;3396685.0;3073442.0;;408
;;;;3700393.0;31780231.0;3407283.0;3099273.0;;409
;;;;3717602.0;31838777.0;3407283.0;3123077.0;;410
;;;;3736526.0;31901217.0;3407283.0;3142262.0;;411
;;;;3754077.0;31965563.0;3428354.0;3153699.0;;412
;;;;3769814.0;32032282.0;3428354.0;3163308.0;;413
;;;;3779594.0;32095177.0;3446072.0;3188192.0;;414
;;;;3793033.0;32150148.0;3456886.0;3217710.0;;415
;;;;3809193.0;32184916.0;3468617.0;3245253.0;;416
;;;;3826156.0;32227203.0;3468617.0;3268645.0;;417
;;;;3842079.0;32279484.0;3468617.0;3287418.0;;418
;;;;3857443.0;32334670.0;3488469.0;3299325.0;;419
;;;;3870131.0;32393496.0;3496134.0;3310301.0;;420
;;;;3878994.0;32451598.0;3504799.0;3332532.0;;421
;;;;3891063.0;32500374.0;3514942.0;3357268.0;;422
;;;;3904899.0;32530930.0;3524077.0;3381597.0;;423
;;;;3920945.0;32575552.0;3524077.0;3400532.0;;424
;;;;3935703.0;32618447.0;3524077.0;3416822.0;;425
;;;;3949517.0;32664490.0;3540430.0;3425982.0;;426
;;;;3962674.0;32710669.0;3544945.0;3433516.0;;427
;;;;3971114.0;32759084.0;3551262.0;3451550.0;;428
;;;;3981512.0;32794738.0;3559222.0;3473503.0;;429
;;;;3994894.0;32817608.0;3567408.0;3491988.0;;430
;;;;4009208.0;32849984.0;3567408.0;3507673.0;;431
;;;;4022653.0;32885461.0;3567408.0;3520329.0;;432
;;;;4035617.0;32921612.0;3581392.0;3527251.0;;433
;;;;4044762.0;32960348.0;3586333.0;3533376.0;;434
;;;;4050708.0;33002565.0;3592751.0;3548285.0;;435
;;;;4059821.0;33033322.0;3598452.0;3565704.0;;436
;;;;4070400.0;33051014.0;3604799.0;3577040.0;;437
;;;;4082198.0;33076256.0;3604799.0;3584934.0;;438
;;;;4092747.0;33105171.0;3604799.0;3593434.0;;439
;;;;4102921.0;33134775.0;3615860.0;3598846.0;;440
;;;;4111210.0;33164990.0;3619848.0;3603055.0;;441
;;;;4116287.0;33193815.0;3625928.0;3614095.0;;442
;;;;4123230.0;33215028.0;3631661.0;3626393.0;;443
;;;;4131078.0;33228813.0;3636453.0;3635162.0;;444
;;;;4139160.0;33250684.0;3636453.0;3642244.0;;445
;;;;4146722.0;33275274.0;3636453.0;3648958.0;;446
;;;;4153374.0;33299870.0;3647520.0;3651640.0;;447
;;;;4159122.0;33326711.0;3652879.0;3653551.0;;448
;;;;4162576.0;33348953.0;3657886.0;3656177.0;;449
;;;;4167025.0;33362264.0;3663176.0;3662490.0;;450
;;;;4172525.0;33369618.0;3668658.0;3669870.0;;451
;;;;4178261.0;33375892.0;3668658.0;3675296.0;;452
;;;;4183476.0;33396745.0;3668658.0;3679148.0;;453
;;;;4188190.0;33413457.0;3678390.0;3681126.0;;454
;;;;4192183.0;33431853.0;3682778.0;3682911.0;;455
;;;;4194672.0;33449718.0;3687762.0;3687828.0;;456
;;;;4197892.0;33465322.0;3693012.0;3692468.0;;457
;;;;4201827.0;33471338.0;3697981.0;3695633.0;;458
;;;;4205970.0;33485408.0;3697981.0;3697927.0;;459
;;;;4209707.0;33498448.0;3697981.0;3700367.0;;460
;;;;4213055.0;33517013.0;3707523.0;3701484.0;;461
;;;;4216003.0;33531794.0;3711027.0;3702688.0;;462
;;;;4217821.0;33556945.0;3715454.0;3705942.0;;463
;;;;4220304.0;33566105.0;3729458.0;3709129.0;;464
;;;;4223200.0;33571375.0;3733600.0;3711569.0;;465
;;;;4225163.0;33583161.0;3733600.0;3713480.0;;466
;;;;4227719.0;33593891.0;3733600.0;3714969.0;;467
;;;;4230153.0;33605799.0;3741767.0;3715518.0;;468
;;;;4232428.0;33617562.0;3745199.0;3716170.0;;469
;;;;4233698.0;33638744.0;3749031.0;3717625.0;;470
;;;;4235592.0;33647796.0;3753228.0;3718955.0;;471
;;;;4237790.0;33652753.0;3757442.0;3720031.0;;472
;;;;4239868.0;33663308.0;3757442.0;3721139.0;;473
;;;;4241760.0;33674104.0;3757442.0;3721981.0;;474
;;;;4243482.0;33686769.0;3764651.0;3722327.0;;475
;;;;4244872.0;33701245.0;3768691.0;3722782.0;;476
;;;;4245779.0;33725847.0;3773032.0;3723798.0;;477
;;;;4247032.0;33735216.0;3777539.0;3724806.0;;478
;;;;4248432.0;33739840.0;3782463.0;3725580.0;;479
;;;;4249755.0;33753423.0;3782463.0;3726172.0;;480
;;;;4250902.0;33760900.0;3782463.0;3726710.0;;481
;;;;4252095.0;33776252.0;3792642.0;3726929.0;;482
;;;;4252976.0;33791371.0;3799733.0;3727333.0;;483
;;;;4253460.0;33821128.0;3808960.0;3728141.0;;484
;;;;4254294.0;33826542.0;3821305.0;3729033.0;;485
;;;;4255434.0;33830826.0;3833868.0;3729682.0;;486
;;;;4255700.0;33839728.0;3833868.0;3730353.0;;487
;;;;4256451.0;33862010.0;3833868.0;3730912.0;;488
;;;;4257289.0;33882188.0;3866475.0;3731124.0;;489
;;;;4258069.0;33903053.0;3880612.0;3731564.0;;490
;;;;4258456.0;33950646.0;3897996.0;3732549.0;;491
;;;;4259133.0;33960765.0;3915313.0;3733519.0;;492
;;;;4259909.0;33972512.0;3937192.0;3734468.0;;493
;;;;4260788.0;34001934.0;3937192.0;3735420.0;;494
;;;;4261582.0;34028465.0;3937192.0;3736165.0;;495
;;;;4262511.0;34059590.0;3971124.0;3736489.0;;496
;;;;4263317.0;34091550.0;4015084.0;3737135.0;;497
;;;;4263797.0;34169659.0;4041474.0;3738683.0;;498
;;;;4264704.0;34183761.0;4069162.0;3740325.0;;499
;;;;4265714.0;34204090.0;4100222.0;3741781.0;;500
;;;;4267105.0;34252933.0;4100222.0;3743389.0;;501
;;;;4268491.0;34292659.0;4100222.0;3744681.0;;502
;;;;4269885.0;34340395.0;4161850.0;3745227.0;;503
;;;;4271276.0;34396919.0;4189136.0;3746410.0;;504
;;;;4272163.0;34517720.0;4219723.0;3748613.0;;505
;;;;4273693.0;34546464.0;4249258.0;3750503.0;;506
;;;;4275846.0;34574435.0;4280429.0;3752592.0;;507
;;;;4278319.0;34653808.0;4280429.0;3754511.0;;508
;;;;4281214.0;34718806.0;4280429.0;3755898.0;;509
;;;;4284332.0;34792382.0;4342054.0;3756856.0;;510
;;;;4287458.0;34864925.0;4368453.0;3758401.0;;511
;;;;4289528.0;35056367.0;4395602.0;3761169.0;;512
;;;;4293083.0;35100259.0;4422291.0;3764311.0;;513
;;;;4297337.0;35144826.0;4447044.0;3766765.0;;514
;;;;4302393.0;35253185.0;4447044.0;3769165.0;;515
;;;;4307535.0;35350937.0;4447044.0;3771262.0;;516
;;;;4312673.0;35453382.0;4502983.0;3772109.0;;517
;;;;4317415.0;35563070.0;4523310.0;3773875.0;;518
;;;;4320530.0;35814965.0;4545184.0;3777446.0;;519
;;;;4325046.0;35877968.0;4566571.0;3780985.0;;520
;;;;4330739.0;35912844.0;4588132.0;3784433.0;;521
;;;;4336906.0;36072629.0;4588132.0;3787639.0;;522
;;;;4343519.0;36190428.0;4588132.0;3790766.0;;523
;;;;4350028.0;36344881.0;4627770.0;3791949.0;;524
;;;;4355348.0;36488965.0;4643450.0;3794429.0;;525
;;;;4358533.0;36715771.0;4660473.0;3799425.0;;526
;;;;4363374.0;36788837.0;4677883.0;3805063.0;;527
;;;;4369964.0;36835624.0;4693540.0;3810641.0;;528
;;;;4377188.0;37029979.0;4693540.0;3816285.0;;529
;;;;4383787.0;37180569.0;4693540.0;3821013.0;;530
;;;;4390684.0;37348166.0;4719266.0;3823139.0;;531
;;;;4396417.0;37503386.0;4733602.0;3827051.0;;532
;;;;4400617.0;37742459.0;4745558.0;3835375.0;;533
;;;;4406241.0;37834655.0;4758003.0;3843775.0;;534
;;;;4413162.0;37878856.0;4770453.0;3853055.0;;535
;;;;4420429.0;38087078.0;4770453.0;3861147.0;;536
;;;;4427827.0;38241542.0;4770453.0;3868197.0;;537
;;;;4435008.0;38420523.0;4794352.0;3871865.0;;538
;;;;4440669.0;38604289.0;4804424.0;3877612.0;;539
;;;;4444338.0;38842961.0;4815205.0;3889173.0;;540
;;;;4449606.0;38921848.0;4822320.0;3901799.0;;541
;;;;4456765.0;38973857.0;4831809.0;3913828.0;;542
;;;;4464005.0;39203068.0;4831809.0;3924131.0;;543
;;;;4471225.0;39383028.0;4831809.0;3932547.0;;544
;;;;4478691.0;39573544.0;4847298.0;3937106.0;;545
;;;;4484613.0;39752681.0;4855065.0;3942856.0;;546
;;;;4488779.0;39988120.0;4861883.0;3956387.0;;547
;;;;4494857.0;40074029.0;4871444.0;3970102.0;;548
;;;;4502396.0;40137531.0;4877755.0;3984353.0;;549
;;;;4509611.0;40231261.0;4877755.0;3995188.0;;550
;;;;4517434.0;40440426.0;4877755.0;4005641.0;;551
;;;;4524292.0;40617352.0;4887112.0;4010390.0;;552
;;;;4530246.0;40783770.0;4892640.0;4017116.0;;553
;;;;4534499.0;41025780.0;4898258.0;4030681.0;;554
;;;;4539991.0;41114909.0;4903021.0;4046112.0;;555
;;;;4546487.0;41163260.0;4907461.0;4059081.0;;556
;;;;4553241.0;41374036.0;4907461.0;4070295.0;;557
;;;;4559970.0;41519437.0;4907461.0;4077640.0;;558
;;;;4566126.0;41692687.0;4915265.0;4083151.0;;559
;;;;4571440.0;41851462.0;4918526.0;4089476.0;;560
;;;;4574787.0;42062321.0;4922249.0;4101931.0;;561
;;;;4579502.0;42137291.0;4926324.0;4114856.0;;562
;;;;4585423.0;42182161.0;4929546.0;4125878.0;;563
;;;;4590941.0;42353961.0;4929546.0;4134779.0;;564
;;;;4596558.0;42475697.0;4929546.0;4142116.0;;565
;;;;4601749.0;42607048.0;4935534.0;4145852.0;;566
;;;;4606413.0;42736215.0;4937984.0;4150516.0;;567
;;;;4609205.0;42910979.0;4940824.0;4160970.0;;568
;;;;4613214.0;42971473.0;4943855.0;4171666.0;;569
;;;;4618040.0;43025787.0;4946601.0;4181393.0;;570
;;;;4623155.0;43181731.0;4946601.0;4188604.0;;571
;;;;4627699.0;43294479.0;4946601.0;4196378.0;;572
;;;;4632275.0;43415866.0;4951640.0;4199400.0;;573
;;;;4636111.0;43526251.0;4953930.0;4203571.0;;574
;;;;4638516.0;43681079.0;4956691.0;4215351.0;;575
;;;;4641890.0;43729282.0;4959091.0;4227501.0;;576
;;;;4645853.0;43774060.0;4961128.0;4237619.0;;577
;;;;4649906.0;43916968.0;4961128.0;4246136.0;;578
;;;;4653696.0;44012201.0;4961128.0;4252300.0;;579
;;;;4657215.0;44124376.0;4965399.0;4255388.0;;580
;;;;4660314.0;44225899.0;4967200.0;4260187.0;;581
;;;;4662087.0;44357312.0;4969503.0;4271734.0;;582
;;;;4665049.0;44396139.0;4971310.0;4283378.0;;583
;;;;4668261.0;44435809.0;4973619.0;4293807.0;;584
;;;;4672355.0;44531870.0;4973619.0;4302661.0;;585
;;;;4675758.0;44642473.0;4973619.0;4310273.0;;586
;;;;4679067.0;44750935.0;4977448.0;4313384.0;;587
;;;;4682034.0;44837882.0;4977448.0;4318355.0;;588
;;;;4683646.0;44947361.0;4980206.0;4330258.0;;589
;;;;4686109.0;44987145.0;4982138.0;4342640.0;;590
;;;;4689341.0;45018803.0;4984386.0;4354158.0;;591
;;;;4692274.0;45117755.0;4984386.0;4365107.0;;592
;;;;4695291.0;45199673.0;4984386.0;4373789.0;;593
;;;;4698038.0;45291291.0;4988878.0;4377845.0;;594
;;;;4700316.0;45369371.0;4990767.0;4384616.0;;595
;;;;4701832.0;45465322.0;4993295.0;4401631.0;;596
;;;;4704318.0;45497743.0;4995176.0;4417708.0;;597
;;;;4707087.0;45516913.0;4997732.0;4437280.0;;598
;;;;4709753.0;45629482.0;4997732.0;4452425.0;;599
;;;;4712482.0;45696138.0;4997732.0;4466157.0;;600
;;;;4715464.0;45798700.0;5002217.0;4472730.0;;601
;;;;4717899.0;45873796.0;5004143.0;4483203.0;;602
;;;;4719493.0;45968900.0;5006675.0;4506415.0;;603
;;;;4722188.0;46003195.0;5008887.0;4534452.0;;604
;;;;4725887.0;46035518.0;5011148.0;4559120.0;;605
;;;;4729678.0;46148773.0;5011148.0;4580663.0;;606
;;;;4733557.0;46217520.0;5011148.0;4597550.0;;607
;;;;4737462.0;46303113.0;5011148.0;4607208.0;;608
;;;;4741185.0;46384549.0;5016968.0;4618021.0;;609
;;;;4743720.0;46481408.0;5019255.0;4638419.0;;610
;;;;4747773.0;46516269.0;5022546.0;4672368.0;;611
;;;;4752368.0;46553096.0;5025639.0;4709488.0;;612
;;;;4757231.0;46663845.0;5025639.0;4743490.0;;613
;;;;4762563.0;46742201.0;5025639.0;4767033.0;;614
;;;;4767440.0;46837271.0;5032056.0;4782546.0;;615
;;;;4771965.0;46894913.0;5032056.0;4804378.0;;616
;;;;4774783.0;47038424.0;5038517.0;4844054.0;;617
;;;;4777614.0;47082375.0;5042803.0;4894250.0;;618
;;;;4782802.0;47114287.0;5047156.0;4942890.0;;619
;;;;4788704.0;47248323.0;5047156.0;4987971.0;;620
;;;;4795465.0;47335593.0;5047156.0;5021469.0;;621
;;;;4802225.0;47448437.0;5056954.0;5045076.0;;622
;;;;4808047.0;47558263.0;5061045.0;5077124.0;;623
;;;;4812594.0;47685139.0;5067712.0;5129950.0;;624
;;;;4818705.0;47730499.0;5074027.0;5195321.0;;625
;;;;4826738.0;47770331.0;5080663.0;5248291.0;;626
;;;;4835435.0;47914947.0;5080663.0;5312215.0;;627
;;;;4843957.0;48006291.0;5080663.0;5354942.0;;628
;;;;4852496.0;48117869.0;5096538.0;5385585.0;;629
;;;;4860061.0;48157187.0;5103315.0;5430911.0;;630
;;;;4865260.0;48210607.0;5111842.0;5497795.0;;631
;;;;4873075.0;48237146.0;5121100.0;5573756.0;;632
;;;;4883242.0;48280295.0;5131012.0;5650170.0;;633
;;;;4893887.0;48466589.0;5131012.0;5717295.0;;634
;;;;4904441.0;48583698.0;5131012.0;5761696.0;;635
;;;;4915981.0;48720812.0;5153923.0;5791060.0;;636
;;;;4925688.0;48859665.0;5164184.0;5836813.0;;637
;;;;4932091.0;49018275.0;5174720.0;5903999.0;;638
;;;;4942135.0;49084617.0;5189220.0;5977208.0;;639
;;;;4954585.0;49139801.0;5202958.0;6051560.0;;640
;;;;4968341.0;49317487.0;5202958.0;6116070.0;;641
;;;;4982022.0;49430748.0;5202958.0;6158125.0;;642
;;;;4994891.0;49580656.0;5202958.0;6185961.0;;643
;;;;5007818.0;49705186.0;5246766.0;6222020.0;;644
;;;;5015790.0;49863398.0;5246766.0;6291621.0;;645
;;;;5028547.0;49919985.0;5273178.0;6362232.0;;646
;;;;5043620.0;49972294.0;5290273.0;6423520.0;;647
;;;;5060430.0;50157780.0;5290190.0;6477217.0;;648
;;;;5077445.0;50270600.0;5290190.0;6509863.0;;649
;;;;5094072.0;50416449.0;5339992.0;6531606.0;;650
;;;;5109082.0;50558179.0;5366128.0;6562429.0;;651
;;;;5118576.0;50750830.0;5393268.0;6613730.0;;652
;;;;5134318.0;50830588.0;5422168.0;6670407.0;;653
;;;;5152264.0;50919788.0;5455527.0;6721375.0;;654
;;;;5164780.0;51159829.0;5455527.0;6764188.0;;655
;;;;5185270.0;51339243.0;5455527.0;6793536.0;;656
;;;;5206305.0;51582986.0;5535231.0;6809622.0;;657
;;;;5225517.0;51852747.0;5585054.0;6833050.0;;658
;;;;5238221.0;52101269.0;5645095.0;6878709.0;;659
;;;;5258886.0;52187934.0;5718007.0;6923636.0;;660
;;;;5282076.0;52366323.0;5718007.0;6959067.0;;661
;;;;5308180.0;52866887.0;5718007.0;6981281.0;;662
;;;;5336795.0;53228918.0;5718007.0;6991381.0;;663
;;;;5364852.0;53731027.0;5932626.0;7005289.0;;664
;;;;5389155.0;54321726.0;6032297.0;7026369.0;;665
;;;;5405360.0;54835354.0;6133057.0;7066412.0;;666
;;;;5436143.0;55024126.0;6294745.0;7109182.0;;667
;;;;5472469.0;55310096.0;6294745.0;7150422.0;;668
;;;;5517054.0;56355070.0;6294745.0;7176814.0;;669
;;;;5567644.0;57167306.0;6294745.0;7189329.0;;670
;;;;5622431.0;57829942.0;6667511.0;7207847.0;;671
;;;;5647313.0;58664955.0;6785286.0;7238408.0;;672
;;;;5678112.0;59534710.0;6922466.0;7297320.0;;673
;;;;5756412.0;59932402.0;6922466.0;7361660.0;;674
;;;;5854428.0;60417433.0;7164906.0;7417995.0;;675
;;;;5981428.0;61801333.0;7164906.0;7473884.0;;676
;;;;6125683.0;62588719.0;7164906.0;7510436.0;;677
;;;;6266939.0;63437343.0;7457300.0;7535691.0;;678
;;;;6328076.0;64298675.0;7592242.0;7581381.0;;679
;;;;6396110.0;65178708.0;7771367.0;7661811.0;;680
;;;;6566947.0;65587016.0;7930528.0;7743228.0;;681
;;;;6756035.0;66066797.0;8093036.0;7835451.0;;682
;;;;6975465.0;66741922.0;8093036.0;7913473.0;;683
;;;;7083762.0;67871399.0;8093036.0;7965977.0;;684
;;;;7281297.0;68779525.0;8424503.0;8000122.0;;685
;;;;7436939.0;69512096.0;8518975.0;8074527.0;;686
;;;;7554344.0;70353154.0;8676916.0;8186850.0;;687
;;;;7774863.0;70655641.0;8834363.0;8320386.0;;688
;;;;7971068.0;71021085.0;8975458.0;8460546.0;;689
;;;;8155645.0;71943222.0;8975458.0;8596007.0;;690
;;;;8356514.0;72436298.0;8975458.0;8681447.0;;691
;;;;8549450.0;73113413.0;9280890.0;8744840.0;;692
;;;;8706915.0;73620599.0;9395767.0;8871795.0;;693
;;;;8790302.0;74235488.0;9529320.0;9035795.0;;694
;;;;9018425.0;74414100.0;9660208.0;9238931.0;;695
;;;;9219391.0;74612056.0;9779130.0;9429079.0;;696
;;;;9418256.0;75155545.0;9779130.0;9618245.0;;697
;;;;9603856.0;75481455.0;9779130.0;9737215.0;;698
;;;;9781191.0;75811583.0;9961253.0;9815533.0;;699
;;;;9923678.0;76087053.0;10039126.0;9978146.0;;700
;;;;10001344.0;76442998.0;10125348.0;10186644.0;;701
;;;;10212621.0;76529420.0;10199716.0;10422764.0;;702
;;;;10383561.0;76612894.0;10199716.0;10671602.0;;703
;;;;10539601.0;76960236.0;10199716.0;10889417.0;;704
;;;;10683948.0;77174893.0;10199716.0;11022590.0;;705
;;;;10821375.0;77363564.0;10395471.0;11117857.0;;706
;;;;10925485.0;77535327.0;10439302.0;11287428.0;;707
;;;;10983116.0;77745055.0;10502141.0;11521678.0;;708
;;;;11116422.0;77796920.0;10555196.0;11769540.0;;709
;;;;11235745.0;77855243.0;10604200.0;12009712.0;;710
;;;;11348701.0;78025833.0;10604200.0;12219501.0;;711
;;;;11449601.0;78137184.0;10604200.0;12344661.0;;712
;;;;11542793.0;78252179.0;10672906.0;12421126.0;;713
;;;;11621736.0;78354112.0;10707286.0;12580343.0;;714
;;;;11663338.0;78499431.0;10744394.0;12800315.0;;715
;;;;11765767.0;78530836.0;10778607.0;13035941.0;;716
;;;;11847436.0;78553839.0;10809222.0;13255989.0;;717
;;;;11923631.0;78636952.0;10809222.0;13445094.0;;718
;;;;11991109.0;78726482.0;10809222.0;13563126.0;;719
;;;;12053330.0;78811740.0;10858000.0;13636993.0;;720
;;;;12105675.0;78878913.0;10880193.0;13762895.0;;721
;;;;12134451.0;78953372.0;10914105.0;13971947.0;;722
;;;;12205474.0;79000783.0;10949997.0;14188269.0;;723
;;;;12265343.0;79019006.0;10977524.0;14399012.0;;724
;;;;12323398.0;79117923.0;10977524.0;14574845.0;;725
;;;;12377098.0;79164626.0;10977524.0;14682758.0;;726
;;;;12427773.0;79218222.0;10977524.0;14745107.0;;727
;;;;12469975.0;79266899.0;11036085.0;14867218.0;;728
;;;;12494459.0;79318216.0;11054888.0;15053624.0;;729
;;;;12554596.0;79333135.0;11078028.0;15264297.0;;730
;;;;12603758.0;79345532.0;11100428.0;15481890.0;;731
;;;;12651251.0;79409682.0;11100428.0;15674100.0;;732
;;;;12693320.0;79439490.0;11100428.0;15790989.0;;733
;;;;12732680.0;79477236.0;11136425.0;15869417.0;;734
;;;;12764558.0;79523851.0;11159574.0;16026216.0;;735
;;;;12782836.0;79573570.0;11181510.0;16242070.0;;736
;;;;12829972.0;79583788.0;11204125.0;16504822.0;;737
;;;;12867918.0;79594838.0;11223974.0;16757658.0;;738
;;;;12910506.0;79630270.0;11223974.0;16994744.0;;739
;;;;12948859.0;79654662.0;11223974.0;17141351.0;;740
;;;;12990223.0;79700813.0;11223974.0;17233729.0;;741
;;;;13026112.0;79754008.0;11260040.0;17432617.0;;742
;;;;13048774.0;79785391.0;11260040.0;17695210.0;;743
;;;;13109527.0;79796268.0;11260040.0;17990141.0;;744
;;;;13159342.0;79807717.0;11324637.0;18287986.0;;745
;;;;13214498.0;79850024.0;11324637.0;18548225.0;;746
;;;;13268459.0;79874602.0;11324637.0;18680017.0;;747
;;;;13323179.0;79915628.0;11324637.0;18772331.0;;748
;;;;13373207.0;79958634.0;11378784.0;18994411.0;;749
;;;;13402905.0;80005086.0;11378784.0;19278143.0;;750
;;;;13489319.0;80014520.0;11378784.0;19596530.0;;751
;;;;13563466.0;80026310.0;11451676.0;19893028.0;;752
;;;;13645834.0;80065310.0;11451676.0;20145054.0;;753
;;;;13724411.0;80089499.0;11451676.0;20256278.0;;754
;;;;13800179.0;80128697.0;11451676.0;20323779.0;;755
;;;;13861743.0;80174366.0;11508309.0;20561131.0;;756
;;;;13895188.0;80206601.0;11508309.0;20829608.0;;757
;;;;13992092.0;80218402.0;11508309.0;21357095.0;;758
;;;;14070450.0;80223157.0;11551574.0;21357039.0;;759
;;;;14153098.0;80252108.0;11551574.0;21553495.0;;760
;;;;14229495.0;80277777.0;11551574.0;21668677.0;;761
;;;;14304111.0;80318757.0;11551574.0;21668677.0;;762
;;;;14364723.0;80369413.0;11578653.0;21849074.0;;763
;;;;14396283.0;80444466.0;11578653.0;22265788.0;;764
;;;;14496579.0;80457185.0;11578653.0;22441051.0;;765
;;;;14567990.0;80466719.0;11627487.0;22591726.0;;766
;;;;14642354.0;80507105.0;11627487.0;22647197.0;;767
;;;;14719394.0;80542883.0;11627487.0;22677986.0;;768
;;;;14790806.0;80598324.0;11627487.0;22878428.0;;769
;;;;14845815.0;80649056.0;11662214.0;23017079.0;;770
;;;;14877144.0;80684507.0;11662214.0;23182447.0;;771
;;;;14966058.0;80696851.0;11662214.0;23339311.0;;772
;;;;15035943.0;80704358.0;11662214.0;23376879.0;;773
;;;;15106066.0;80765855.0;11662214.0;23416663.0;;774
;;;;15173707.0;80805166.0;11662214.0;23437145.0;;775
;;;;15238128.0;80874153.0;11662214.0;23459628.0;;776
;;;;15292048.0;80935910.0;11736893.0;23658211.0;;777
;;;;15320753.0;81026005.0;11736893.0;23844536.0;;778
;;;;15404809.0;81045753.0;11736893.0;24006254.0;;779
;;;;15467395.0;81059259.0;11786036.0;24141333.0;;780
;;;;15533012.0;81129565.0;11786036.0;24180512.0;;781
;;;;15595302.0;81174986.0;11786036.0;24200596.0;;782
;;;;15659835.0;81265076.0;11786036.0;24337394.0;;783
;;;;15712088.0;81342502.0;11833457.0;24337394.0;;784
;;;;15730676.0;81403779.0;11833457.0;24609159.0;;785
;;;;15758002.0;81427789.0;11833457.0;24710769.0;;786
;;;;15858442.0;81444510.0;11896152.0;24798067.0;;787
;;;;15934437.0;81539336.0;11896152.0;24809785.0;;788
;;;;16008181.0;81589041.0;11896152.0;24813817.0;;789
;;;;16079209.0;81701176.0;11896152.0;24927339.0;;790
;;;;16136057.0;81789869.0;11953481.0;25033970.0;;791
;;;;16161339.0;81918770.0;11953481.0;25130137.0;;792
;;;;16191323.0;81946624.0;11953481.0;25215210.0;;793
;;;;16279754.0;81952416.0;12009059.0;25287462.0;;794
;;;;16349788.0;82082654.0;12009059.0;25295950.0;;795
;;;;16409183.0;82153069.0;12009059.0;25299300.0;;796
;;;;16463200.0;82313425.0;12058888.0;25406868.0;;797
;;;;16504791.0;82427596.0;12058888.0;25503878.0;;798
;;;;16523859.0;82515128.0;12058888.0;25592839.0;;799
;;;;16586268.0;82532231.0;12058888.0;25661838.0;;800
;;;;16633911.0;82564371.0;12127122.0;25723697.0;;801
;;;;16682626.0;82743304.0;12127122.0;25729848.0;;802
;;;;16726990.0;82828058.0;12127122.0;25732153.0;;803
;;;;16767773.0;83031988.0;12127122.0;25818405.0;;804
;;;;16798998.0;83167350.0;12179234.0;25890456.0;;805
;;;;16816419.0;83316600.0;12179234.0;25949175.0;;806
;;;;16872618.0;83343542.0;12179234.0;25998085.0;;807
;;;;16915301.0;83363145.0;12179234.0;26040460.0;;808
;;;;16954784.0;83505856.0;12234806.0;26044283.0;;809
;;;;16993813.0;83589069.0;12234806.0;26045528.0;;810
;;;;17030147.0;83799341.0;12234806.0;26109965.0;;811
;;;;17057873.0;83945049.0;12238073.0;26159106.0;;812
;;;;17071649.0;84053291.0;12238073.0;26198811.0;;813
;;;;17116550.0;84066044.0;12280345.0;26200663.0;;814
;;;;17147477.0;84071868.0;12326264.0;26240639.0;;815
;;;;17178199.0;84132799.0;12326264.0;26243352.0;;816
;;;;17205017.0;84303372.0;12326264.0;26244107.0;;817
;;;;17229263.0;84531044.0;12326264.0;26305996.0;;818
;;;;17247552.0;84652971.0;12326264.0;26360953.0;;819
;;;;17257573.0;84810779.0;12360256.0;26409455.0;;820
;;;;17288287.0;84837248.0;12360256.0;26452148.0;;821
;;;;17312432.0;84852143.0;12403245.0;26493235.0;;822
;;;;17333299.0;85015109.0;12403245.0;26493235.0;;823
;;;;17355119.0;85101971.0;12403245.0;26496611.0;;824
;;;;17373741.0;85301375.0;12403245.0;26498361.0;;825
;;;;17388877.0;85444505.0;12436538.0;26583016.0;;826
;;;;17396723.0;85552274.0;12436538.0;26660652.0;;827
;;;;17421410.0;85586276.0;12436538.0;26738530.0;;828
;;;;17440232.0;85602852.0;12478994.0;26803867.0;;829
;;;;17457950.0;85757481.0;12478994.0;26803867.0;;830
;;;;17467642.0;85847606.0;12478994.0;26809245.0;;831
;;;;17490451.0;86032537.0;12478994.0;26915085.0;;832
;;;;17505973.0;86162722.0;12515127.0;27007429.0;;833
;;;;17514589.0;86302130.0;12515127.0;27096571.0;;834
;;;;17543136.0;86318609.0;12515127.0;27124689.0;;835
;;;;17566061.0;86335537.0;12563399.0;27204953.0;;836
;;;;17589595.0;86432318.0;12563399.0;27204955.0;;837
;;;;17611607.0;86544207.0;12563399.0;27211896.0;;838
;;;;17634065.0;86729709.0;12563399.0;27334993.0;;839
;;;;17653375.0;86879073.0;12613634.0;27454225.0;;840
;;;;17664043.0;86996892.0;12613634.0;27573585.0;;841
;;;;17703887.0;87036530.0;12613634.0;27681775.0;;842
;;;;17736696.0;87057610.0;12681820.0;27771111.0;;843
;;;;17773764.0;87221641.0;12681820.0;27771112.0;;844
;;;;17809934.0;87318894.0;12681820.0;27771911.0;;845
;;;;17844905.0;87509243.0;12681820.0;27914240.0;;846
;;;;17879160.0;87676928.0;12734038.0;28048190.0;;847
;;;;17896065.0;87834048.0;12734038.0;28180861.0;;848
;;;;17959329.0;87853046.0;12734038.0;28293960.0;;849
;;;;18014202.0;87860328.0;12818184.0;28392629.0;;850
;;;;18071634.0;87940775.0;12818184.0;28392630.0;;851
;;;;18128044.0;88080932.0;12818184.0;28394995.0;;852
;;;;18184917.0;88281522.0;12818184.0;28542484.0;;853
;;;;18234242.0;88423604.0;12890002.0;28673212.0;;854
;;;;18259261.0;88561936.0;12890002.0;28808614.0;;855
;;;;18343422.0;88589359.0;12890002.0;28926346.0;;856
;;;;18438877.0;88612306.0;12973615.0;29022265.0;;857
;;;;18523111.0;88814500.0;12973615.0;29022265.0;;858
;;;;18610011.0;88961757.0;12973615.0;29025760.0;;859
;;;;18695954.0;89165157.0;12973615.0;29180489.0;;860
;;;;18768871.0;89339379.0;13032841.0;29308100.0;;861
;;;;18805756.0;89489222.0;13032841.0;29460249.0;;862
;;;;18938771.0;89528673.0;13032841.0;29569943.0;;863
;;;;19048788.0;89556403.0;13090476.0;29692989.0;;864
;;;;19157174.0;89721856.0;13090476.0;29692989.0;;865
;;;;19259037.0;89837983.0;13090476.0;29692989.0;;866
;;;;19357938.0;90053464.0;13090476.0;29853680.0;;867
;;;;19439501.0;90207453.0;13132159.0;29994679.0;;868
;;;;19523262.0;90374094.0;13132159.0;30131303.0;;869
;;;;19667320.0;90398709.0;13132159.0;30239122.0;;870
;;;;19778911.0;90410386.0;13204863.0;30331131.0;;871
;;;;19887543.0;90567290.0;13204863.0;30331133.0;;872
;;;;19985479.0;90733888.0;13204863.0;30331133.0;;873
;;;;20076863.0;90973418.0;13204863.0;30476605.0;;874
;;;;20145859.0;;13203228.0;30598385.0;;875
;;;;20177910.0;;13203228.0;30702511.0;;876
;;;;20299013.0;;;;;877
;;;;20385814.0;;;;;878
;;;;20467349.0;;;;;879
;;;;20539016.0;;;;;880
;;;;20608190.0;;;;;881
;;;;20660065.0;;;;;882
;;;;20684182.0;;;;;883
;;;;20772833.0;;;;;884
;;;;20837233.0;;;;;885
